<?xml version="1.0" encoding="UTF-8"?>
<metadata xml:lang="ko"><Esri><CreaDate>20200209</CreaDate><CreaTime>13153200</CreaTime><ArcGISFormat>1.0</ArcGISFormat><SyncOnce>TRUE</SyncOnce><DataProperties><lineage><Process ToolSource="c:\program files (x86)\arcgis\desktop10.3\ArcToolbox\Toolboxes\Data Management Tools.tbx\CalculateField" Date="20200209" Time="131532">CalculateField Seoul under9 "[0_4]+ [5_9]" VB #</Process><Process ToolSource="c:\program files (x86)\arcgis\desktop10.3\ArcToolbox\Toolboxes\Data Management Tools.tbx\CalculateField" Date="20200209" Time="131557">CalculateField Seoul over65 "[65_69]+ [70_74]+ [75_79]+ [80_84]" VB #</Process><Process ToolSource="c:\program files (x86)\arcgis\desktop10.3\ArcToolbox\Toolboxes\Data Management Tools.tbx\CalculateField" Date="20200209" Time="131844">CalculateField Seoul Ov65 "[Over85]+ [over65]" VB #</Process><Process ToolSource="c:\program files (x86)\arcgis\desktop10.3\ArcToolbox\Toolboxes\Data Management Tools.tbx\CalculateField" Date="20200209" Time="131907">CalculateField Seoul over65 [Ov65] VB #</Process></lineage></DataProperties></Esri></metadata>
